{"stats":{"minecraft:mined":{"minecraft:light_blue_stained_glass_pane":5,"minecraft:blue_stained_glass_pane":5,"minecraft:dandelion":17,"minecraft:crafting_table":5,"minecraft:torch":4,"minecraft:granite":3,"minecraft:grass_block":4,"minecraft:glass":4,"minecraft:oak_pressure_plate":1,"minecraft:tall_grass":1,"minecraft:cobblestone":39,"minecraft:oak_planks":1,"minecraft:wall_torch":1,"minecraft:light_blue_stained_glass":4,"minecraft:hay_block":66,"minecraft:cobblestone_wall":1,"minecraft:tinted_glass":2,"minecraft:cobbled_deepslate":1,"minecraft:pumpkin":1,"minecraft:bookshelf":3,"minecraft:grass":4,"minecraft:coal_ore":93,"minecraft:oak_log":11,"minecraft:dirt":17,"horror_element_mod:crucified_body":1,"minecraft:stone":92,"minecraft:oak_leaves":4},"minecraft:picked_up":{"minecraft:crafting_table":5,"spore:mutated_heart":2,"spore:altered_spleen":1,"minecraft:leather_chestplate":1,"minecraft:feather":5,"minecraft:chicken":4,"minecraft:leather":6,"minecraft:oak_stairs":2,"minecraft:stone_brick_stairs":1,"minecraft:oak_log":16,"minecraft:cobblestone_wall":1,"minecraft:gunpowder":13,"minecraft:string":1,"sanitydim:garland":1,"minecraft:dirt":166,"minecraft:oak_trapdoor":1,"minecraft:bone":16,"minecraft:wheat_seeds":5,"minecraft:cobbled_deepslate":1,"minecraft:beef":2,"minecraft:cooked_chicken":16,"spore:mutated_fiber":10,"minecraft:tinted_glass":4,"minecraft:oak_planks":1,"minecraft:egg":1,"minecraft:book":9,"firstaid:plaster":3,"minecraft:pumpkin":1,"minecraft:torch":7,"minecraft:dandelion":16,"minecraft:oak_pressure_plate":1,"minecraft:porkchop":1,"minecraft:pointed_dripstone":1,"minecraft:ink_sac":3,"minecraft:spider_eye":1,"spore:claw_fragment":11,"minecraft:arrow":31,"minecraft:rotten_flesh":19,"tacz:modern_kinetic_gun":1,"minecraft:cracked_polished_blackstone_bricks":1,"k_turrets:raw_titanium":3,"minecraft:hay_block":66,"minecraft:granite":3,"minecraft:saddle":1,"firstaid:bandage":5,"spore:spine_fragment":3,"minecraft:black_wool":3,"minecraft:mutton":7,"minecraft:coal":93,"minecraft:white_wool":1,"minecraft:cobblestone":155},"minecraft:broken":{"minecraft:stone_pickaxe":1,"sanitydim:garland":2,"minecraft:leather_chestplate":1,"minecraft:wooden_pickaxe":1},"minecraft:dropped":{"spore:spine_fragment":3,"minecraft:porkchop":1,"minecraft:wheat_seeds":5,"minecraft:oak_trapdoor":1,"minecraft:oak_pressure_plate":1,"minecraft:cooked_chicken":48,"minecraft:cobbled_deepslate":1,"minecraft:rotten_flesh":22,"minecraft:leather":3,"minecraft:iron_horse_armor":1,"spore:mutated_fiber":11,"minecraft:saddle":1,"minecraft:leather_chestplate":3,"firstaid:bandage":17,"spore:altered_spleen":1,"minecraft:ink_sac":2,"minecraft:mutton":2,"sanitydim:garland":1,"minecraft:spider_eye":1,"tacz:modern_kinetic_gun":3,"tacz:ammo":130,"minecraft:beef":2,"spore:mutated_heart":2,"firstaid:plaster":17,"spore:claw_fragment":11,"minecraft:bone":12},"minecraft:custom":{"minecraft:interact_with_furnace":2,"minecraft:mob_kills":53,"minecraft:interact_with_crafting_table":8,"minecraft:open_barrel":1,"minecraft:leave_game":3,"minecraft:time_since_death":1113,"minecraft:sleep_in_bed":6,"minecraft:climb_one_cm":3611,"minecraft:time_since_rest":491,"minecraft:sprint_one_cm":162230,"minecraft:damage_taken":1726,"minecraft:walk_one_cm":219729,"minecraft:trigger_trapped_chest":3,"minecraft:drop":57,"minecraft:damage_dealt":5376,"minecraft:swim_one_cm":8044,"minecraft:talked_to_villager":17,"minecraft:fly_one_cm":577608,"minecraft:player_kills":1,"minecraft:open_chest":7,"minecraft:crouch_one_cm":5925,"minecraft:play_time":107727,"minecraft:deaths":8,"minecraft:sneak_time":2589,"minecraft:walk_under_water_one_cm":7116,"minecraft:jump":1791,"minecraft:walk_on_water_one_cm":11471,"minecraft:total_world_time":108072,"minecraft:fall_one_cm":43119},"minecraft:used":{"minecraft:stone_pickaxe":174,"minecraft:oak_planks":1,"minecraft:wooden_pickaxe":59,"minecraft:tinted_glass":4,"minecraft:iron_sword":101,"minecraft:cooked_chicken":8,"minecraft:stone_hoe":74,"minecraft:torch":47,"minecraft:dirt":19,"sanitydim:garland":2,"minecraft:crafting_table":6,"minecraft:cobblestone_wall":1,"minecraft:granite":3,"minecraft:black_wool":1,"minecraft:cracked_polished_blackstone_bricks":1,"minecraft:oak_stairs":2,"minecraft:stone_brick_stairs":1,"minecraft:stone_axe":30,"minecraft:cobblestone":75,"minecraft:egg":1,"minecraft:cobweb":1,"minecraft:pumpkin":1},"minecraft:killed":{"minecraft:pig":1,"spore:inf_player":2,"minecraft:spider":1,"minecraft:squid":1,"minecraft:creeper":11,"spore:inf_pillager":1,"minecraft:sheep":3,"minecraft:skeleton":21,"spore:inf_villager":1,"minecraft:zombie":5,"minecraft:chicken":2,"minecraft:cow":2},"minecraft:crafted":{"minecraft:black_dye":1,"minecraft:oak_planks":48,"minecraft:crafting_table":2,"minecraft:wooden_pickaxe":1,"sanitydim:garland":2,"minecraft:stone_axe":1,"minecraft:stick":20,"minecraft:stone_pickaxe":2,"minecraft:torch":40,"minecraft:black_wool":1,"minecraft:stone_hoe":1},"minecraft:killed_by":{"minecraft:skeleton":2,"spore:inf_human":1,"spore:wendigo":1,"minecraft:cow":1,"minecraft:trader_llama":1}},"DataVersion":3120}