{"stats":{"minecraft:mined":{"minecraft:light_blue_stained_glass_pane":5,"minecraft:blue_stained_glass_pane":6,"minecraft:dark_oak_log":1,"minecraft:gray_stained_glass_pane":4,"minecraft:granite":3,"minecraft:grass_block":7,"minecraft:oak_pressure_plate":1,"minecraft:moss_block":1,"minecraft:spawner":2,"minecraft:light_blue_stained_glass":4,"minecraft:hay_block":66,"minecraft:cobbled_deepslate":1,"minecraft:pumpkin":1,"minecraft:bookshelf":7,"horror_element_mod:crucified_body":1,"minecraft:stone":92,"minecraft:glass_pane":5,"minecraft:quartz_block":1,"minecraft:cyan_terracotta":4,"minecraft:dandelion":17,"minecraft:crafting_table":7,"minecraft:torch":4,"minecraft:gray_stained_glass":5,"minecraft:white_stained_glass_pane":1,"minecraft:glass":6,"minecraft:tall_grass":1,"minecraft:cobblestone":44,"minecraft:oak_planks":1,"minecraft:wall_torch":1,"minecraft:cobblestone_wall":1,"minecraft:tinted_glass":2,"minecraft:smooth_stone_slab":1,"minecraft:grass":4,"minecraft:oak_log":11,"minecraft:coal_ore":93,"minecraft:dirt":17,"minecraft:oak_leaves":6},"minecraft:broken":{"sanitydim:garland":2,"minecraft:leather_chestplate":1,"minecraft:wooden_pickaxe":1,"minecraft:stone_pickaxe":1},"minecraft:picked_up":{"spore:mutated_heart":2,"minecraft:crafting_table":7,"minecraft:chicken":4,"minecraft:oak_stairs":2,"minecraft:stone_brick_stairs":1,"minecraft:oak_trapdoor":1,"minecraft:string":7,"minecraft:smooth_stone_slab":9,"minecraft:cobbled_deepslate":1,"minecraft:beef":2,"minecraft:tinted_glass":4,"minecraft:quartz_stairs":4,"minecraft:egg":3,"minecraft:torch":7,"minecraft:porkchop":1,"minecraft:pointed_dripstone":1,"minecraft:quartz_block":9,"minecraft:arrow":59,"minecraft:rotten_flesh":22,"k_turrets:raw_titanium":3,"minecraft:hay_block":66,"minecraft:cyan_terracotta":12,"minecraft:saddle":1,"firstaid:bandage":5,"minecraft:mutton":7,"minecraft:iron_bars":1,"minecraft:white_wool":1,"minecraft:cobblestone":162,"minecraft:leather_chestplate":1,"spore:altered_spleen":1,"minecraft:feather":5,"minecraft:leather":6,"minecraft:oak_log":16,"minecraft:gunpowder":22,"minecraft:cobblestone_wall":1,"sanitydim:garland":1,"minecraft:dirt":169,"minecraft:leather_boots":1,"minecraft:bone":54,"minecraft:wheat_seeds":5,"minecraft:stone_pickaxe":1,"minecraft:heart_of_the_sea":1,"minecraft:cooked_chicken":16,"spore:mutated_fiber":11,"minecraft:moss_block":1,"minecraft:iron_sword":1,"minecraft:oak_planks":1,"minecraft:book":21,"firstaid:plaster":3,"minecraft:pumpkin":1,"minecraft:dandelion":16,"minecraft:oak_pressure_plate":1,"minecraft:ink_sac":3,"minecraft:dark_oak_log":1,"minecraft:spider_eye":1,"minecraft:light_gray_terracotta":10,"spore:claw_fragment":11,"minecraft:sugar":4,"tacz:modern_kinetic_gun":1,"minecraft:cracked_polished_blackstone_bricks":1,"minecraft:granite":3,"spore:spine_fragment":3,"minecraft:black_wool":3,"minecraft:coal":93},"minecraft:custom":{"minecraft:mob_kills":75,"minecraft:interact_with_crafting_table":11,"minecraft:open_barrel":2,"minecraft:damage_dealt_resisted":6,"minecraft:leave_game":3,"minecraft:time_since_death":5061,"minecraft:climb_one_cm":7083,"minecraft:sprint_one_cm":296897,"minecraft:walk_one_cm":285913,"minecraft:drop":69,"minecraft:damage_dealt_absorbed":30,"minecraft:talked_to_villager":17,"minecraft:play_time":143727,"minecraft:deaths":22,"minecraft:sneak_time":4351,"minecraft:walk_under_water_one_cm":7116,"minecraft:jump":3020,"minecraft:walk_on_water_one_cm":11471,"minecraft:total_world_time":144072,"minecraft:interact_with_furnace":2,"minecraft:sleep_in_bed":8,"minecraft:time_since_rest":4925,"minecraft:damage_taken":4600,"minecraft:trigger_trapped_chest":3,"minecraft:damage_dealt":8227,"minecraft:swim_one_cm":8044,"minecraft:fly_one_cm":908036,"minecraft:player_kills":1,"minecraft:open_chest":16,"minecraft:crouch_one_cm":7796,"minecraft:fall_one_cm":85209},"minecraft:dropped":{"minecraft:iron_sword":1,"spore:spine_fragment":3,"minecraft:porkchop":1,"minecraft:wheat_seeds":5,"minecraft:oak_pressure_plate":1,"minecraft:leather":3,"minecraft:iron_horse_armor":1,"minecraft:saddle":1,"minecraft:cyan_terracotta":7,"firstaid:bandage":17,"minecraft:ink_sac":2,"minecraft:mutton":2,"tacz:modern_kinetic_gun":3,"minecraft:heart_of_the_sea":1,"spore:mutated_heart":2,"minecraft:string":2,"spore:claw_fragment":11,"minecraft:bone":16,"minecraft:oak_trapdoor":1,"minecraft:cooked_chicken":48,"minecraft:cobbled_deepslate":1,"minecraft:rotten_flesh":25,"spore:mutated_fiber":12,"minecraft:leather_chestplate":3,"spore:altered_spleen":1,"minecraft:quartz_block":3,"sanitydim:garland":1,"minecraft:leather_boots":1,"minecraft:spider_eye":1,"tacz:ammo":130,"minecraft:arrow":2,"minecraft:stone_pickaxe":1,"minecraft:beef":2,"firstaid:plaster":17},"minecraft:used":{"minecraft:moss_block":1,"minecraft:iron_bars":1,"minecraft:tinted_glass":4,"minecraft:iron_sword":166,"minecraft:quartz_stairs":4,"minecraft:stone_hoe":74,"minecraft:cooked_chicken":12,"minecraft:torch":47,"minecraft:dirt":20,"sanitydim:garland":2,"minecraft:cobblestone_wall":1,"minecraft:granite":3,"minecraft:dark_oak_planks":4,"minecraft:cyan_terracotta":5,"minecraft:oak_stairs":2,"minecraft:quartz_block":6,"minecraft:stone_brick_stairs":1,"minecraft:egg":3,"minecraft:pumpkin":1,"minecraft:stone_pickaxe":190,"minecraft:oak_planks":1,"minecraft:wooden_pickaxe":59,"minecraft:crafting_table":8,"minecraft:light_gray_terracotta":4,"minecraft:black_wool":1,"minecraft:cracked_polished_blackstone_bricks":1,"minecraft:bread":1,"minecraft:stone_axe":36,"minecraft:cobblestone":119,"minecraft:smooth_stone_slab":7,"minecraft:cobweb":1},"minecraft:killed":{"minecraft:spider":2,"minecraft:skeleton":30,"minecraft:chicken":2,"minecraft:pig":1,"spore:inf_player":2,"minecraft:creeper":14,"minecraft:squid":1,"spore:inf_pillager":1,"minecraft:sheep":3,"spore:inf_villager":1,"spore:inf_human":1,"minecraft:zombie":10,"minecraft:cow":2},"minecraft:crafted":{"minecraft:black_dye":1,"minecraft:oak_planks":48,"sanitydim:garland":2,"minecraft:stone_pickaxe":2,"minecraft:dark_oak_planks":4,"minecraft:black_wool":1,"minecraft:stone_hoe":1,"minecraft:wheat":18,"minecraft:crafting_table":2,"minecraft:wooden_pickaxe":1,"minecraft:stone_axe":1,"minecraft:bread":6,"minecraft:stick":20,"minecraft:torch":40},"minecraft:killed_by":{"minecraft:creeper":2,"spore:inf_human":3,"minecraft:iron_golem":1,"minecraft:trader_llama":1,"spore:inf_villager":1,"minecraft:skeleton":5,"minecraft:blaze":1,"minecraft:zombie":2,"kevin_trophy:blister_zombie":1,"spore:inf_witch":1,"spore:wendigo":1,"minecraft:cow":1}},"DataVersion":3120}