{"stats":{"minecraft:mined":{"minecraft:grass_block":6,"minecraft:oak_log":1},"minecraft:custom":{"minecraft:time_since_rest":11845,"minecraft:sprint_one_cm":15650,"minecraft:damage_taken":714,"minecraft:walk_one_cm":60247,"minecraft:mob_kills":46,"minecraft:damage_dealt":1428,"minecraft:talked_to_villager":3,"minecraft:fly_one_cm":74400,"minecraft:player_kills":5,"minecraft:crouch_one_cm":3686,"minecraft:play_time":26186,"minecraft:deaths":2,"minecraft:sneak_time":1114,"minecraft:damage_dealt_resisted":1542,"minecraft:jump":272,"minecraft:leave_game":4,"minecraft:time_since_death":11434,"minecraft:total_world_time":26186,"minecraft:climb_one_cm":429,"minecraft:fall_one_cm":4147,"minecraft:horse_one_cm":107297},"minecraft:killed":{"minecraft:sheep":12,"spore:inquisitor":3,"minecraft:skeleton":1,"minecraft:horse":9,"minecraft:zombie":1,"minecraft:pig":4,"minecraft:chicken":1,"minecraft:iron_golem":1,"mutantmonsters:mutant_creeper":1,"minecraft:villager":9,"minecraft:creeper":2,"minecraft:cat":1,"kevin_trophy:blister_zombie":1},"minecraft:killed_by":{"minecraft:player":1,"minecraft:creeper":1},"minecraft:picked_up":{"minecraft:stick":1,"spore:mutated_heart":4,"minecraft:leather":1,"spore:armor_fragment":25,"minecraft:oak_log":1,"minecraft:dirt":21,"spore:sickle":1,"spore:claw_fragment":8,"minecraft:apple":1,"minecraft:wheat_seeds":2,"tacz:modern_kinetic_gun":1,"minecraft:saddle":1,"spore:mutated_fiber":12},"minecraft:used":{"minecraft:oak_log":1,"mutantmonsters:mutant_creeper_spawn_egg":1,"spore:sickle":14,"additionalguns:over_under":6,"minecraft:horse_spawn_egg":2,"minecraft:golden_apple":1,"minecraft:dirt":5,"mutantmonsters:hulk_hammer":10,"k_turrets:bullet_drone_item":1,"additionalguns:mat_49":9}},"DataVersion":3120}