{"stats":{"minecraft:mined":{"minecraft:light_blue_stained_glass_pane":5,"minecraft:dandelion":17,"minecraft:crafting_table":4,"minecraft:torch":3,"minecraft:granite":3,"minecraft:grass_block":3,"minecraft:glass":2,"minecraft:oak_pressure_plate":1,"minecraft:tall_grass":1,"minecraft:cobblestone":8,"minecraft:oak_planks":1,"minecraft:hay_block":33,"minecraft:cobbled_deepslate":1,"minecraft:pumpkin":1,"minecraft:grass":4,"minecraft:coal_ore":85,"minecraft:oak_log":11,"minecraft:dirt":6,"horror_element_mod:crucified_body":1,"minecraft:stone":91,"minecraft:oak_leaves":4},"minecraft:picked_up":{"minecraft:crafting_table":4,"spore:mutated_heart":1,"minecraft:leather_chestplate":1,"minecraft:feather":5,"minecraft:chicken":4,"minecraft:leather":3,"minecraft:oak_stairs":2,"minecraft:oak_log":16,"minecraft:gunpowder":12,"sanitydim:garland":1,"minecraft:dirt":154,"minecraft:oak_trapdoor":1,"minecraft:bone":1,"minecraft:wheat_seeds":4,"minecraft:cobbled_deepslate":1,"minecraft:beef":2,"minecraft:cooked_chicken":16,"spore:mutated_fiber":5,"minecraft:oak_planks":1,"minecraft:egg":1,"firstaid:plaster":3,"minecraft:pumpkin":1,"minecraft:torch":5,"minecraft:dandelion":16,"minecraft:oak_pressure_plate":1,"minecraft:porkchop":1,"minecraft:pointed_dripstone":1,"minecraft:ink_sac":3,"minecraft:arrow":2,"minecraft:rotten_flesh":12,"tacz:modern_kinetic_gun":1,"minecraft:hay_block":33,"minecraft:granite":3,"minecraft:saddle":1,"firstaid:bandage":5,"spore:spine_fragment":1,"minecraft:black_wool":3,"minecraft:mutton":7,"minecraft:coal":85,"minecraft:white_wool":1,"minecraft:cobblestone":119},"minecraft:broken":{"minecraft:stone_pickaxe":1,"sanitydim:garland":2,"minecraft:wooden_pickaxe":1},"minecraft:custom":{"minecraft:mob_kills":27,"minecraft:interact_with_crafting_table":6,"minecraft:open_barrel":1,"minecraft:leave_game":3,"minecraft:time_since_death":13136,"minecraft:sleep_in_bed":4,"minecraft:climb_one_cm":3611,"minecraft:time_since_rest":2493,"minecraft:sprint_one_cm":132645,"minecraft:damage_taken":1207,"minecraft:walk_one_cm":137958,"minecraft:trigger_trapped_chest":3,"minecraft:drop":43,"minecraft:damage_dealt":1658,"minecraft:swim_one_cm":8044,"minecraft:fly_one_cm":511728,"minecraft:open_chest":2,"minecraft:crouch_one_cm":4501,"minecraft:play_time":83727,"minecraft:deaths":6,"minecraft:sneak_time":1992,"minecraft:walk_under_water_one_cm":6668,"minecraft:jump":1435,"minecraft:walk_on_water_one_cm":10854,"minecraft:total_world_time":84072,"minecraft:fall_one_cm":35980},"minecraft:dropped":{"spore:spine_fragment":1,"minecraft:wheat_seeds":4,"minecraft:oak_trapdoor":1,"minecraft:oak_pressure_plate":1,"minecraft:cooked_chicken":48,"minecraft:cobbled_deepslate":1,"minecraft:rotten_flesh":15,"minecraft:iron_horse_armor":1,"spore:mutated_fiber":6,"minecraft:saddle":1,"minecraft:leather_chestplate":3,"firstaid:bandage":17,"minecraft:ink_sac":2,"minecraft:mutton":2,"sanitydim:garland":1,"tacz:modern_kinetic_gun":3,"tacz:ammo":130,"spore:mutated_heart":1,"firstaid:plaster":17,"minecraft:bone":12},"minecraft:used":{"minecraft:stone_pickaxe":133,"minecraft:oak_planks":1,"minecraft:wooden_pickaxe":59,"minecraft:cooked_chicken":6,"minecraft:stone_hoe":40,"minecraft:torch":42,"minecraft:dirt":13,"sanitydim:garland":2,"minecraft:crafting_table":5,"minecraft:granite":3,"minecraft:black_wool":1,"minecraft:stone_axe":24,"minecraft:cobblestone":28,"minecraft:egg":1,"minecraft:cobweb":1,"minecraft:pumpkin":1},"minecraft:killed":{"minecraft:pig":1,"spore:inf_player":2,"minecraft:squid":1,"minecraft:creeper":8,"spore:inf_pillager":1,"minecraft:sheep":3,"spore:inf_villager":1,"minecraft:zombie":4,"minecraft:chicken":2,"minecraft:cow":2},"minecraft:crafted":{"minecraft:black_dye":1,"minecraft:oak_planks":48,"minecraft:crafting_table":2,"minecraft:wooden_pickaxe":1,"sanitydim:garland":2,"minecraft:stone_axe":1,"minecraft:stick":20,"minecraft:stone_pickaxe":1,"minecraft:torch":40,"minecraft:black_wool":1,"minecraft:stone_hoe":1},"minecraft:killed_by":{"minecraft:skeleton":1,"spore:inf_human":1,"minecraft:cow":1,"minecraft:trader_llama":1}},"DataVersion":3120}