{"stats":{"minecraft:dropped":{"cgm:bazooka":1,"tacz:modern_kinetic_gun":1},"minecraft:mined":{"minecraft:grass_block":6,"minecraft:oak_log":1},"minecraft:custom":{"minecraft:time_since_rest":68961,"minecraft:sprint_one_cm":30810,"minecraft:damage_taken":814,"minecraft:walk_one_cm":89543,"minecraft:mob_kills":86,"minecraft:drop":2,"minecraft:damage_dealt":1428,"minecraft:talked_to_villager":3,"minecraft:fly_one_cm":175057,"minecraft:player_kills":5,"minecraft:play_time":83302,"minecraft:crouch_one_cm":7114,"minecraft:deaths":2,"minecraft:sneak_time":3437,"minecraft:jump":465,"minecraft:damage_dealt_resisted":1542,"minecraft:leave_game":5,"minecraft:time_since_death":68550,"minecraft:climb_one_cm":429,"minecraft:total_world_time":83302,"minecraft:fall_one_cm":5163,"minecraft:horse_one_cm":107297},"minecraft:killed":{"minecraft:horse":9,"spore:inquisitor":3,"kevin_trophy:blister_zombie":1,"minecraft:sheep":13,"minecraft:cat":1,"minecraft:skeleton":4,"minecraft:zombie":3,"spore:inf_human":13,"minecraft:pig":5,"minecraft:bee":1,"minecraft:chicken":1,"minecraft:iron_golem":1,"mutantmonsters:mutant_creeper":1,"minecraft:villager":9,"minecraft:creeper":16,"minecraft:cow":4,"spore:inf_pillager":1},"minecraft:killed_by":{"minecraft:player":1,"minecraft:creeper":1},"minecraft:used":{"mutantmonsters:mutant_creeper_spawn_egg":1,"spore:sickle":14,"tacz:gun_smith_table":12,"additionalguns:over_under":6,"tacz:statue":1,"minecraft:horse_spawn_egg":2,"cgm:grenade_launcher":1,"minecraft:golden_apple":1,"additionalguns:scar":20,"minecraft:dirt":5,"minecraft:cobblestone":1,"minecraft:crafting_table":2,"mutantmonsters:hulk_hammer":10,"cgm:bazooka":5,"k_turrets:bullet_drone_item":1,"cgm:mini_gun":100,"additionalguns:mat_49":9,"tacz:target":1,"minecraft:oak_log":1},"minecraft:picked_up":{"minecraft:stick":1,"minecraft:leather":1,"spore:armor_fragment":25,"minecraft:oak_log":1,"minecraft:dirt":21,"spore:sickle":1,"tacz:ammo":96,"spore:claw_fragment":8,"minecraft:apple":1,"minecraft:wheat_seeds":2,"tacz:modern_kinetic_gun":2,"minecraft:saddle":1,"spore:mutated_fiber":12,"cgm:bazooka":1,"spore:mutated_heart":4}},"DataVersion":3120}