{"stats":{"minecraft:mined":{"minecraft:grass_block":6,"minecraft:oak_log":1},"minecraft:custom":{"minecraft:time_since_rest":11873,"minecraft:deaths":1,"minecraft:crouch_one_cm":57,"minecraft:sprint_one_cm":1631,"minecraft:play_time":12063,"minecraft:damage_taken":455,"minecraft:walk_one_cm":12859,"minecraft:sneak_time":85,"minecraft:mob_kills":5,"minecraft:jump":108,"minecraft:damage_dealt":599,"minecraft:leave_game":3,"minecraft:time_since_death":11582,"minecraft:climb_one_cm":392,"minecraft:total_world_time":12063,"minecraft:fall_one_cm":2835,"minecraft:fly_one_cm":6315,"minecraft:horse_one_cm":107297},"minecraft:killed":{"spore:inquisitor":3,"minecraft:horse":2},"minecraft:killed_by":{"minecraft:creeper":1},"minecraft:used":{"minecraft:oak_log":1,"spore:sickle":14,"minecraft:dirt":5,"k_turrets:bullet_drone_item":1,"additionalguns:mat_49":9,"additionalguns:over_under":6},"minecraft:picked_up":{"spore:sickle":1,"spore:mutated_heart":4,"spore:armor_fragment":25,"tacz:modern_kinetic_gun":1,"minecraft:oak_log":1,"spore:mutated_fiber":12,"minecraft:dirt":5,"spore:claw_fragment":8}},"DataVersion":3120}