{"stats":{"minecraft:dropped":{"tacz:modern_kinetic_gun":1},"minecraft:mined":{"minecraft:grass_block":6,"minecraft:oak_log":1},"minecraft:custom":{"minecraft:time_since_rest":32961,"minecraft:sprint_one_cm":21311,"minecraft:damage_taken":764,"minecraft:walk_one_cm":79670,"minecraft:mob_kills":71,"minecraft:drop":1,"minecraft:damage_dealt":1428,"minecraft:talked_to_villager":3,"minecraft:fly_one_cm":107489,"minecraft:player_kills":5,"minecraft:play_time":47302,"minecraft:crouch_one_cm":6139,"minecraft:deaths":2,"minecraft:sneak_time":2220,"minecraft:jump":367,"minecraft:damage_dealt_resisted":1542,"minecraft:leave_game":5,"minecraft:time_since_death":32550,"minecraft:climb_one_cm":429,"minecraft:total_world_time":47302,"minecraft:fall_one_cm":5163,"minecraft:horse_one_cm":107297},"minecraft:killed":{"minecraft:horse":9,"spore:inquisitor":3,"kevin_trophy:blister_zombie":1,"minecraft:sheep":13,"minecraft:cat":1,"minecraft:skeleton":3,"minecraft:zombie":3,"spore:inf_human":7,"minecraft:pig":5,"minecraft:chicken":1,"minecraft:iron_golem":1,"mutantmonsters:mutant_creeper":1,"minecraft:villager":9,"minecraft:creeper":10,"minecraft:cow":4},"minecraft:killed_by":{"minecraft:player":1,"minecraft:creeper":1},"minecraft:used":{"mutantmonsters:mutant_creeper_spawn_egg":1,"spore:sickle":14,"additionalguns:over_under":6,"minecraft:horse_spawn_egg":2,"minecraft:golden_apple":1,"additionalguns:scar":20,"minecraft:dirt":5,"mutantmonsters:hulk_hammer":10,"k_turrets:bullet_drone_item":1,"cgm:mini_gun":100,"additionalguns:mat_49":9,"minecraft:oak_log":1},"minecraft:picked_up":{"minecraft:stick":1,"minecraft:leather":1,"spore:armor_fragment":25,"minecraft:oak_log":1,"minecraft:dirt":21,"spore:sickle":1,"spore:claw_fragment":8,"minecraft:apple":1,"minecraft:wheat_seeds":2,"tacz:modern_kinetic_gun":1,"minecraft:saddle":1,"spore:mutated_fiber":12,"spore:mutated_heart":4}},"DataVersion":3120}