{"stats":{"minecraft:mined":{"minecraft:grass_block":6,"minecraft:oak_log":1},"minecraft:custom":{"minecraft:jump":50,"minecraft:time_since_rest":5873,"minecraft:damage_taken":455,"minecraft:leave_game":3,"minecraft:time_since_death":5582,"minecraft:play_time":6063,"minecraft:sprint_one_cm":1123,"minecraft:walk_one_cm":6444,"minecraft:deaths":1,"minecraft:total_world_time":6063,"minecraft:climb_one_cm":392,"minecraft:fall_one_cm":2417,"minecraft:fly_one_cm":2401},"minecraft:killed_by":{"minecraft:creeper":1},"minecraft:picked_up":{"minecraft:oak_log":1,"minecraft:dirt":5},"minecraft:used":{"minecraft:oak_log":1,"minecraft:dirt":5}},"DataVersion":3120}