{"stats":{"minecraft:mined":{"minecraft:light_blue_stained_glass_pane":5,"minecraft:blue_stained_glass_pane":6,"minecraft:dark_oak_log":1,"minecraft:gray_stained_glass_pane":2,"minecraft:granite":3,"minecraft:grass_block":7,"minecraft:oak_pressure_plate":1,"minecraft:light_blue_stained_glass":4,"minecraft:hay_block":66,"minecraft:cobbled_deepslate":1,"minecraft:pumpkin":1,"minecraft:bookshelf":7,"horror_element_mod:crucified_body":1,"minecraft:stone":92,"minecraft:dandelion":17,"minecraft:crafting_table":5,"minecraft:torch":4,"minecraft:white_stained_glass_pane":1,"minecraft:glass":6,"minecraft:tall_grass":1,"minecraft:cobblestone":40,"minecraft:oak_planks":1,"minecraft:wall_torch":1,"minecraft:cobblestone_wall":1,"minecraft:tinted_glass":2,"minecraft:grass":4,"minecraft:oak_log":11,"minecraft:coal_ore":93,"minecraft:dirt":17,"minecraft:oak_leaves":5},"minecraft:broken":{"sanitydim:garland":2,"minecraft:leather_chestplate":1,"minecraft:wooden_pickaxe":1,"minecraft:stone_pickaxe":1},"minecraft:picked_up":{"spore:mutated_heart":2,"minecraft:crafting_table":5,"minecraft:chicken":4,"minecraft:oak_stairs":2,"minecraft:stone_brick_stairs":1,"minecraft:oak_trapdoor":1,"minecraft:string":3,"minecraft:smooth_stone_slab":3,"minecraft:cobbled_deepslate":1,"minecraft:beef":2,"minecraft:tinted_glass":4,"minecraft:egg":1,"minecraft:torch":7,"minecraft:porkchop":1,"minecraft:pointed_dripstone":1,"minecraft:quartz_block":1,"minecraft:arrow":34,"minecraft:rotten_flesh":20,"k_turrets:raw_titanium":3,"minecraft:hay_block":66,"minecraft:saddle":1,"firstaid:bandage":5,"minecraft:mutton":7,"minecraft:iron_bars":1,"minecraft:white_wool":1,"minecraft:cobblestone":157,"minecraft:leather_chestplate":1,"spore:altered_spleen":1,"minecraft:feather":5,"minecraft:leather":6,"minecraft:oak_log":16,"minecraft:gunpowder":13,"minecraft:cobblestone_wall":1,"sanitydim:garland":1,"minecraft:dirt":169,"minecraft:bone":21,"minecraft:wheat_seeds":5,"minecraft:cooked_chicken":16,"spore:mutated_fiber":10,"minecraft:oak_planks":1,"minecraft:book":21,"firstaid:plaster":3,"minecraft:pumpkin":1,"minecraft:dandelion":16,"minecraft:oak_pressure_plate":1,"minecraft:ink_sac":3,"minecraft:dark_oak_log":1,"minecraft:spider_eye":1,"spore:claw_fragment":11,"tacz:modern_kinetic_gun":1,"minecraft:cracked_polished_blackstone_bricks":1,"minecraft:granite":3,"spore:spine_fragment":3,"minecraft:black_wool":3,"minecraft:coal":93},"minecraft:custom":{"minecraft:mob_kills":56,"minecraft:interact_with_crafting_table":8,"minecraft:open_barrel":2,"minecraft:damage_dealt_resisted":6,"minecraft:leave_game":3,"minecraft:time_since_death":1297,"minecraft:climb_one_cm":6521,"minecraft:sprint_one_cm":209130,"minecraft:walk_one_cm":254418,"minecraft:drop":57,"minecraft:talked_to_villager":17,"minecraft:play_time":119727,"minecraft:deaths":14,"minecraft:sneak_time":3098,"minecraft:walk_under_water_one_cm":7116,"minecraft:jump":2263,"minecraft:walk_on_water_one_cm":11471,"minecraft:total_world_time":120072,"minecraft:interact_with_furnace":2,"minecraft:sleep_in_bed":6,"minecraft:time_since_rest":1324,"minecraft:damage_taken":2949,"minecraft:trigger_trapped_chest":3,"minecraft:damage_dealt":5418,"minecraft:swim_one_cm":8044,"minecraft:fly_one_cm":715322,"minecraft:player_kills":1,"minecraft:open_chest":10,"minecraft:crouch_one_cm":6566,"minecraft:fall_one_cm":61082},"minecraft:dropped":{"spore:spine_fragment":3,"minecraft:porkchop":1,"minecraft:wheat_seeds":5,"minecraft:oak_pressure_plate":1,"minecraft:leather":3,"minecraft:iron_horse_armor":1,"minecraft:saddle":1,"firstaid:bandage":17,"minecraft:ink_sac":2,"minecraft:mutton":2,"tacz:modern_kinetic_gun":3,"spore:mutated_heart":2,"spore:claw_fragment":11,"minecraft:bone":12,"minecraft:oak_trapdoor":1,"minecraft:cooked_chicken":48,"minecraft:cobbled_deepslate":1,"minecraft:rotten_flesh":22,"spore:mutated_fiber":11,"minecraft:leather_chestplate":3,"spore:altered_spleen":1,"sanitydim:garland":1,"minecraft:spider_eye":1,"tacz:ammo":130,"minecraft:beef":2,"firstaid:plaster":17},"minecraft:used":{"minecraft:iron_bars":1,"minecraft:tinted_glass":4,"minecraft:iron_sword":101,"minecraft:stone_hoe":74,"minecraft:cooked_chicken":9,"minecraft:torch":47,"minecraft:dirt":20,"sanitydim:garland":2,"minecraft:cobblestone_wall":1,"minecraft:granite":3,"minecraft:dark_oak_planks":3,"minecraft:oak_stairs":2,"minecraft:quartz_block":1,"minecraft:stone_brick_stairs":1,"minecraft:egg":1,"minecraft:pumpkin":1,"minecraft:stone_pickaxe":175,"minecraft:oak_planks":1,"minecraft:wooden_pickaxe":59,"minecraft:crafting_table":6,"minecraft:black_wool":1,"minecraft:cracked_polished_blackstone_bricks":1,"minecraft:stone_axe":34,"minecraft:cobblestone":77,"minecraft:smooth_stone_slab":3,"minecraft:cobweb":1},"minecraft:killed":{"minecraft:spider":1,"minecraft:skeleton":22,"minecraft:chicken":2,"minecraft:pig":1,"spore:inf_player":2,"minecraft:creeper":11,"minecraft:squid":1,"spore:inf_pillager":1,"minecraft:sheep":3,"spore:inf_villager":1,"minecraft:zombie":7,"minecraft:cow":2},"minecraft:crafted":{"minecraft:black_dye":1,"minecraft:oak_planks":48,"sanitydim:garland":2,"minecraft:stone_pickaxe":2,"minecraft:dark_oak_planks":4,"minecraft:black_wool":1,"minecraft:stone_hoe":1,"minecraft:crafting_table":2,"minecraft:wooden_pickaxe":1,"minecraft:stone_axe":1,"minecraft:stick":20,"minecraft:torch":40},"minecraft:killed_by":{"minecraft:creeper":1,"spore:inf_human":1,"minecraft:iron_golem":1,"minecraft:trader_llama":1,"minecraft:skeleton":4,"minecraft:blaze":1,"minecraft:zombie":1,"spore:wendigo":1,"minecraft:cow":1}},"DataVersion":3120}