{"stats":{"minecraft:dropped":{"tacz:modern_kinetic_gun":1,"spore:corrosive_sack":2,"spore:mutated_fiber":10,"spore:mutated_heart":1,"minecraft:saddle":1,"spore:sickle":1,"spore:maul":1,"minecraft:golden_apple":1},"minecraft:mined":{"minecraft:birch_log":2,"minecraft:grass":1,"minecraft:grass_block":2,"minecraft:dirt":1,"minecraft:oak_leaves":3,"minecraft:fern":1},"minecraft:custom":{"minecraft:time_since_rest":11655,"minecraft:sprint_one_cm":25766,"minecraft:damage_taken":1195,"minecraft:walk_one_cm":76204,"minecraft:mob_kills":10,"minecraft:drop":8,"minecraft:damage_dealt":821,"minecraft:fly_one_cm":76408,"minecraft:crouch_one_cm":228,"minecraft:play_time":18332,"minecraft:deaths":7,"minecraft:sneak_time":163,"minecraft:walk_under_water_one_cm":259,"minecraft:jump":272,"minecraft:leave_game":3,"minecraft:time_since_death":11629,"minecraft:walk_on_water_one_cm":125,"minecraft:total_world_time":18332,"minecraft:climb_one_cm":755,"minecraft:fall_one_cm":4612,"minecraft:horse_one_cm":43350},"minecraft:killed":{"spore:inquisitor":2,"spore:inf_human":1,"spore:inf_player":5,"spore:usurper":1,"minecraft:creeper":1},"minecraft:killed_by":{"spore:inf_player":1,"spore:inf_human":6},"minecraft:used":{"spore:sickle":18,"spore:usurper_spawnegg":1,"spore:maul":1,"minecraft:horse_spawn_egg":2,"spore:inquisitor_spawnegg":5,"minecraft:dirt":13,"minecraft:birch_log":2},"minecraft:picked_up":{"minecraft:birch_log":2,"spore:maul":1,"spore:mutated_heart":3,"minecraft:jungle_log":1,"minecraft:leather":1,"spore:armor_fragment":36,"minecraft:dirt":4,"spore:claw_fragment":26,"spore:corrosive_sack":4,"minecraft:wheat_seeds":1,"minecraft:golden_apple":1,"minecraft:saddle":2,"spore:mutated_fiber":34}},"DataVersion":3120}