{"stats":{"minecraft:mined":{"minecraft:grass":1,"minecraft:grass_block":2,"minecraft:dirt":1,"minecraft:birch_log":2,"minecraft:oak_leaves":3,"minecraft:fern":1},"minecraft:custom":{"minecraft:time_since_rest":5655,"minecraft:crouch_one_cm":130,"minecraft:sprint_one_cm":22155,"minecraft:play_time":12332,"minecraft:deaths":7,"minecraft:damage_taken":1195,"minecraft:walk_one_cm":54099,"minecraft:sneak_time":23,"minecraft:walk_under_water_one_cm":259,"minecraft:mob_kills":7,"minecraft:jump":218,"minecraft:damage_dealt":150,"minecraft:leave_game":3,"minecraft:walk_on_water_one_cm":125,"minecraft:time_since_death":5629,"minecraft:climb_one_cm":755,"minecraft:total_world_time":12332,"minecraft:fall_one_cm":4612,"minecraft:fly_one_cm":65864},"minecraft:killed":{"spore:inf_human":1,"spore:inf_player":5,"minecraft:creeper":1},"minecraft:killed_by":{"spore:inf_player":1,"spore:inf_human":6},"minecraft:used":{"minecraft:dirt":3,"minecraft:birch_log":2},"minecraft:picked_up":{"minecraft:birch_log":2,"spore:mutated_heart":1,"minecraft:jungle_log":1,"minecraft:wheat_seeds":1,"spore:mutated_fiber":4,"minecraft:dirt":4}},"DataVersion":3120}