{"stats":{"minecraft:mined":{"minecraft:birch_log":2,"minecraft:grass_block":2,"minecraft:dirt":1,"minecraft:fern":1},"minecraft:custom":{"minecraft:jump":11,"minecraft:time_since_rest":1923,"minecraft:leave_game":1,"minecraft:play_time":1923,"minecraft:time_since_death":1923,"minecraft:walk_one_cm":9132,"minecraft:total_world_time":1923},"minecraft:picked_up":{"minecraft:wheat_seeds":1,"minecraft:dirt":3,"minecraft:birch_log":2},"minecraft:used":{"minecraft:birch_log":2,"minecraft:dirt":3}},"DataVersion":3120}