{"stats":{"minecraft:mined":{"minecraft:light_blue_stained_glass_pane":1,"minecraft:dandelion":14,"minecraft:granite":3,"k_turrets:titanium_ore":3,"minecraft:grass":4,"minecraft:black_wool":1,"minecraft:oak_log":11,"minecraft:coal_ore":1,"minecraft:stone":53,"minecraft:oak_leaves":1},"minecraft:picked_up":{"minecraft:leather_chestplate":3,"minecraft:feather":1,"minecraft:chicken":1,"minecraft:leather":1,"minecraft:wooden_pickaxe":1,"minecraft:oak_log":12,"sanitydim:garland":1,"minecraft:cornflower":1,"minecraft:dark_oak_trapdoor":1,"minecraft:dirt":4,"minecraft:string":4,"tacz:ammo":130,"minecraft:bone":12,"minecraft:wheat_seeds":1,"minecraft:beef":2,"minecraft:cooked_chicken":48,"spore:mutated_fiber":1,"minecraft:poppy":1,"minecraft:tinted_glass":2,"minecraft:oak_planks":4,"minecraft:egg":1,"minecraft:scaffolding":2,"firstaid:plaster":16,"minecraft:stick":3,"minecraft:oak_door":1,"minecraft:torch":1,"minecraft:dandelion":15,"minecraft:ink_sac":2,"minecraft:white_bed":2,"minecraft:iron_horse_armor":1,"minecraft:rotten_flesh":5,"tacz:modern_kinetic_gun":3,"k_turrets:raw_titanium":3,"minecraft:granite":3,"minecraft:saddle":1,"firstaid:bandage":16,"spore:spine_fragment":2,"minecraft:oak_sapling":2,"minecraft:black_wool":2,"minecraft:mutton":5,"minecraft:coal":1,"minecraft:cobblestone":61},"minecraft:dropped":{"minecraft:cooked_chicken":16,"minecraft:oak_log":4,"minecraft:chicken":1,"minecraft:leather_chestplate":1,"firstaid:bandage":4,"minecraft:mutton":5,"sanitydim:garland":1,"tacz:modern_kinetic_gun":1,"minecraft:wooden_pickaxe":1,"firstaid:plaster":2,"minecraft:string":2,"minecraft:black_wool":2},"minecraft:custom":{"minecraft:interact_with_furnace":1,"minecraft:mob_kills":14,"minecraft:interact_with_crafting_table":6,"minecraft:leave_game":5,"minecraft:time_since_death":12368,"minecraft:sleep_in_bed":2,"minecraft:climb_one_cm":776,"minecraft:time_since_rest":12396,"minecraft:sprint_one_cm":58601,"minecraft:damage_taken":2106,"minecraft:walk_one_cm":164073,"minecraft:drop":14,"minecraft:damage_dealt":536,"minecraft:swim_one_cm":4931,"minecraft:fly_one_cm":99220,"minecraft:open_chest":1,"minecraft:crouch_one_cm":615,"minecraft:play_time":53297,"minecraft:deaths":8,"minecraft:sneak_time":154,"minecraft:walk_under_water_one_cm":6298,"minecraft:jump":577,"minecraft:walk_on_water_one_cm":14256,"minecraft:total_world_time":53297,"minecraft:fall_one_cm":16332},"minecraft:used":{"minecraft:stone_sword":6,"minecraft:stone_pickaxe":57,"minecraft:wooden_pickaxe":3,"minecraft:torch":2,"minecraft:crafting_table":2,"minecraft:oak_log":1,"minecraft:furnace":1},"minecraft:killed":{"minecraft:spider":2,"minecraft:zombie":5,"spore:inf_human":4,"minecraft:chicken":3,"minecraft:cow":1},"minecraft:crafted":{"minecraft:oak_planks":24,"minecraft:crafting_table":2,"minecraft:wooden_pickaxe":1,"minecraft:furnace":1,"sanitydim:garland":1,"minecraft:stick":4,"minecraft:stone_pickaxe":1,"minecraft:stone_sword":1,"minecraft:torch":4},"minecraft:killed_by":{"spore:inf_player":1,"spore:inf_villager":1,"minecraft:skeleton":1,"minecraft:creeper":1,"minecraft:spider":1,"minecraft:zombie":2,"spore:inf_human":1}},"DataVersion":3120}