{"stats":{"minecraft:mined":{"minecraft:light_blue_stained_glass_pane":1,"minecraft:white_bed":2,"minecraft:dandelion":25,"minecraft:crafting_table":3,"minecraft:granite":4,"minecraft:grass_block":3,"minecraft:copper_ore":15,"minecraft:tall_grass":3,"minecraft:diorite":1,"minecraft:wall_torch":5,"minecraft:large_fern":1,"minecraft:furnace":3,"minecraft:iron_ore":5,"k_turrets:titanium_ore":3,"minecraft:grass":6,"minecraft:black_wool":1,"minecraft:oak_log":11,"minecraft:coal_ore":17,"minecraft:dirt":3,"minecraft:stone":153,"minecraft:oak_leaves":1},"minecraft:picked_up":{"minecraft:crafting_table":3,"minecraft:leather_chestplate":3,"minecraft:feather":1,"minecraft:cooked_beef":1,"minecraft:chicken":1,"minecraft:leather":1,"minecraft:wooden_pickaxe":1,"minecraft:oak_log":12,"sanitydim:garland":1,"minecraft:cornflower":1,"minecraft:dark_oak_trapdoor":1,"minecraft:dirt":10,"minecraft:string":4,"minecraft:raw_copper":55,"tacz:ammo":130,"minecraft:bone":12,"minecraft:wheat_seeds":1,"minecraft:beef":5,"minecraft:cooked_chicken":48,"spore:mutated_fiber":1,"minecraft:poppy":1,"minecraft:tinted_glass":2,"minecraft:oak_planks":4,"minecraft:furnace":3,"minecraft:egg":1,"minecraft:scaffolding":2,"firstaid:plaster":16,"minecraft:stick":3,"minecraft:raw_iron":5,"minecraft:oak_door":1,"minecraft:torch":7,"minecraft:dandelion":24,"minecraft:porkchop":2,"minecraft:ink_sac":2,"minecraft:white_bed":4,"minecraft:iron_horse_armor":1,"minecraft:rotten_flesh":5,"tacz:modern_kinetic_gun":3,"k_turrets:raw_titanium":3,"minecraft:granite":4,"minecraft:saddle":1,"firstaid:bandage":16,"spore:spine_fragment":2,"minecraft:oak_sapling":2,"minecraft:black_wool":2,"minecraft:mutton":11,"minecraft:coal":24,"minecraft:white_wool":3,"minecraft:cobblestone":156},"minecraft:broken":{"minecraft:stone_pickaxe":1},"minecraft:custom":{"minecraft:interact_with_furnace":6,"minecraft:mob_kills":17,"minecraft:interact_with_crafting_table":9,"minecraft:leave_game":6,"minecraft:time_since_death":31522,"minecraft:sleep_in_bed":4,"minecraft:climb_one_cm":776,"minecraft:time_since_rest":15430,"minecraft:sprint_one_cm":116494,"minecraft:damage_taken":2305,"minecraft:walk_one_cm":287581,"minecraft:drop":23,"minecraft:damage_dealt":726,"minecraft:swim_one_cm":6329,"minecraft:fly_one_cm":182091,"minecraft:open_chest":3,"minecraft:crouch_one_cm":898,"minecraft:play_time":92236,"minecraft:deaths":9,"minecraft:sneak_time":287,"minecraft:walk_under_water_one_cm":13337,"minecraft:jump":1235,"minecraft:walk_on_water_one_cm":24100,"minecraft:total_world_time":92236,"minecraft:fall_one_cm":30409},"minecraft:dropped":{"minecraft:oak_door":1,"minecraft:porkchop":1,"minecraft:cooked_chicken":16,"minecraft:oak_log":4,"minecraft:tinted_glass":2,"minecraft:chicken":1,"minecraft:cobblestone":1,"minecraft:rotten_flesh":2,"minecraft:leather":1,"minecraft:poppy":1,"minecraft:leather_chestplate":1,"firstaid:bandage":4,"minecraft:mutton":5,"sanitydim:garland":1,"k_turrets:raw_titanium":3,"tacz:modern_kinetic_gun":1,"minecraft:wooden_pickaxe":1,"firstaid:plaster":2,"minecraft:string":2,"minecraft:white_wool":1,"minecraft:black_wool":2},"minecraft:used":{"minecraft:cooked_mutton":2,"minecraft:stone_sword":11,"minecraft:stone_pickaxe":132,"minecraft:wooden_pickaxe":3,"minecraft:torch":9,"minecraft:crafting_table":4,"minecraft:white_bed":3,"minecraft:oak_log":1,"minecraft:iron_pickaxe":69,"minecraft:cobblestone":5,"minecraft:furnace":3},"minecraft:killed":{"minecraft:spider":2,"minecraft:sheep":3,"minecraft:zombie":5,"spore:inf_human":4,"minecraft:chicken":3,"minecraft:cow":1},"minecraft:crafted":{"minecraft:oak_planks":24,"minecraft:crafting_table":2,"minecraft:wooden_pickaxe":1,"minecraft:furnace":1,"sanitydim:garland":2,"minecraft:cooked_mutton":2,"minecraft:air":0,"minecraft:stick":8,"minecraft:iron_ingot":5,"minecraft:iron_pickaxe":1,"minecraft:stone_pickaxe":1,"minecraft:stone_sword":1,"minecraft:torch":4},"minecraft:killed_by":{"spore:inf_player":1,"minecraft:player":1,"spore:inf_villager":1,"minecraft:skeleton":1,"minecraft:creeper":1,"minecraft:spider":1,"minecraft:zombie":2,"spore:inf_human":1}},"DataVersion":3120}