{"stats":{"minecraft:mined":{"minecraft:birch_log":2,"minecraft:grass_block":2,"minecraft:dirt":1,"minecraft:fern":1},"minecraft:custom":{"minecraft:jump":17,"minecraft:sprint_one_cm":1173,"minecraft:crouch_one_cm":78,"minecraft:leave_game":1,"minecraft:play_time":2525,"minecraft:time_since_death":2525,"minecraft:walk_one_cm":12626,"minecraft:sneak_time":7,"minecraft:total_world_time":2525,"minecraft:fly_one_cm":1837,"minecraft:time_since_rest":2525},"minecraft:used":{"minecraft:birch_log":2,"minecraft:dirt":3},"minecraft:picked_up":{"minecraft:birch_log":2,"minecraft:wheat_seeds":1,"minecraft:dirt":3}},"DataVersion":3120}