{"stats":{"minecraft:dropped":{"firstaid:bandage":1,"tacz:modern_kinetic_gun":7,"spore:corrosive_sack":2,"spore:mutated_fiber":10,"spore:mutated_heart":1,"minecraft:saddle":1,"spore:sickle":1,"spore:maul":1,"minecraft:golden_apple":1},"minecraft:mined":{"minecraft:birch_log":2,"minecraft:grass":3,"minecraft:grass_block":2,"minecraft:dirt":1,"minecraft:oak_leaves":3,"minecraft:fern":1},"minecraft:custom":{"minecraft:time_since_rest":16001,"minecraft:sprint_one_cm":58959,"minecraft:damage_taken":2448,"minecraft:walk_one_cm":140712,"minecraft:mob_kills":25,"minecraft:drop":15,"minecraft:damage_dealt":1434,"minecraft:player_kills":1,"minecraft:fly_one_cm":371652,"minecraft:crouch_one_cm":305,"minecraft:play_time":70573,"minecraft:deaths":16,"minecraft:bell_ring":1,"minecraft:sneak_time":222,"minecraft:walk_under_water_one_cm":259,"minecraft:jump":564,"minecraft:leave_game":4,"minecraft:time_since_death":15974,"minecraft:walk_on_water_one_cm":125,"minecraft:total_world_time":70573,"minecraft:climb_one_cm":1019,"minecraft:fall_one_cm":6267,"minecraft:horse_one_cm":43350},"minecraft:killed":{"spore:inquisitor":2,"spore:inf_villager":1,"minecraft:cat":6,"spore:inf_human":4,"spore:inf_player":5,"spore:usurper":1,"minecraft:creeper":3,"spore:inf_pillager":3},"minecraft:killed_by":{"spore:inf_player":1,"minecraft:player":5,"minecraft:skeleton":1,"minecraft:zombie":1,"spore:inf_human":6},"minecraft:used":{"sophisticatedbackpacks:backpack":1,"spore:sickle":18,"spore:usurper_spawnegg":1,"spore:maul":9,"minecraft:cat_spawn_egg":4,"minecraft:horse_spawn_egg":2,"spore:inquisitor_spawnegg":5,"minecraft:dirt":13,"minecraft:birch_log":2,"minecraft:oak_log":1},"minecraft:picked_up":{"minecraft:birch_log":2,"minecraft:stick":1,"spore:maul":1,"spore:mutated_heart":4,"spore:cerebrum":1,"minecraft:jungle_log":2,"minecraft:leather":2,"spore:armor_fragment":36,"minecraft:oak_log":3,"minecraft:string":5,"minecraft:dirt":61,"spore:claw_fragment":26,"spore:corrosive_sack":4,"tacz:modern_kinetic_gun":8,"minecraft:wheat_seeds":3,"firstaid:bandage":1,"minecraft:iron_ingot":3,"minecraft:golden_apple":1,"minecraft:saddle":2,"spore:mutated_fiber":50,"spore:spine_fragment":2,"minecraft:poppy":2,"minecraft:oak_sapling":5,"minecraft:cobblestone":9}},"DataVersion":3120}